{"supplements":{"connectorType":null,"name":"supplements","aisle":1,"side":"l","x":10,"y":35,"neighbors":{"BabyProducts":30,"Vitamins":10,"start":36.40054944640259}},"Vitamins":{"connectorType":null,"name":"Vitamins","aisle":1,"side":"r","x":20,"y":35,"neighbors":{"BabyProducts":20,"supplements":10,"exit":25}},"ChildSupplements":{"connectorType":null,"name":"ChildSupplements","aisle":2,"side":"l","x":30,"y":35,"neighbors":{"Vitamins":10,"SnackBars":30.18461712712472,"BabyProducts":10,"start":46.09772228646444}},"BabyProducts":{"connectorType":null,"name":"BabyProducts","aisle":2,"side":"r","x":40,"y":35,"neighbors":{"Vitamins":20,"SnackBars":20.275875100994064,"ChildSupplements":10,"exit":42.720018726587654}},"ProteinPowder":{"connectorType":null,"name":"ProteinPowder","aisle":3,"side":"l","x":50,"y":35,"neighbors":{"BabyProducts":10,"Snacks":30.18461712712472,"FruitBars":10.540925533894598,"NutBars":10,"SnackBars":10.540925533894596,"start":61.032778078668514}},"FruitBars":{"connectorType":null,"name":"FruitBars","aisle":3,"side":"r","x":60,"y":31.666666666666668,"neighbors":{"ProteinPowder":10.540925533894598,"NutBars":3.333333333333332,"SnackBars":6.666666666666661}},"NutBars":{"connectorType":null,"name":"NutBars","aisle":3,"side":"r","x":60,"y":35,"neighbors":{"ProteinPowder":10,"FruitBars":3.333333333333332,"SnackBars":3.3333333333333286}},"SnackBars":{"connectorType":null,"name":"SnackBars","aisle":3,"side":"r","x":60,"y":38.33333333333333,"neighbors":{"BabyProducts":20.275875100994064,"Snacks":20,"ProteinPowder":10.540925533894596,"FruitBars":6.666666666666661,"NutBars":3.3333333333333286,"exit":61.12373606964083}},"Cookies":{"connectorType":null,"name":"Cookies","aisle":4,"side":"l","x":70,"y":32.5,"neighbors":{"SnackBars":11.577036657874835,"Nuts":30.103986446980738,"Candy":5,"Jerky":10.03466214899358,"Crackers":10.307764064044152,"Snacks":11.577036657874835,"start":77.17674520216566}},"Candy":{"connectorType":null,"name":"Candy","aisle":4,"side":"l","x":70,"y":37.5,"neighbors":{"Cookies":5,"Jerky":11.577036657874837,"Crackers":10.307764064044152,"Snacks":10.03466214899358}},"Jerky":{"connectorType":null,"name":"Jerky","aisle":4,"side":"r","x":80,"y":31.666666666666668,"neighbors":{"Cookies":10.03466214899358,"Candy":11.577036657874837,"Crackers":3.333333333333332,"Snacks":6.666666666666661}},"Crackers":{"connectorType":null,"name":"Crackers","aisle":6,"side":"l","x":110,"y":32.5,"neighbors":{"Nuts":10.307764064044152,"Condiments":30.4138126514911,"DriedFruit":5,"Soup":10.077822185373186,"Noodles":10.077822185373186,"Rice":10.680004681646913,"Beans":11.792476415070755,"start":114.70069746954462}},"Snacks":{"connectorType":null,"name":"Snacks","aisle":4,"side":"r","x":80,"y":38.33333333333333,"neighbors":{"SnackBars":20,"Nuts":20.275875100994064,"Cookies":11.577036657874835,"Candy":10.03466214899358,"Jerky":6.666666666666661,"Crackers":3.3333333333333286,"exit":80.84621890423269}},"Popcorn":{"connectorType":null,"name":"Popcorn","aisle":5,"side":"l","x":90,"y":32.5,"neighbors":{"Snacks":11.577036657874835,"Beans":30.644126680328156,"Chips":5,"Nuts":10.307764064044152,"start":95.6882960450232}},"Chips":{"connectorType":null,"name":"Chips","aisle":5,"side":"l","x":90,"y":37.5,"neighbors":{"Popcorn":5,"Nuts":10.307764064044152}},"Nuts":{"connectorType":null,"name":"Nuts","aisle":5,"side":"r","x":100,"y":35,"neighbors":{"Snacks":20.275875100994064,"Beans":20.348525745124633,"Popcorn":10.307764064044152,"Chips":10.307764064044152,"exit":101.11874208078342}},"DriedFruit":{"connectorType":null,"name":"DriedFruit","aisle":6,"side":"l","x":110,"y":37.5,"neighbors":{"Crackers":5,"Soup":11.792476415070755,"Noodles":10.680004681646913,"Rice":10.077822185373186,"Beans":10.077822185373186}},"Soup":{"connectorType":null,"name":"Soup","aisle":6,"side":"r","x":120,"y":31.25,"neighbors":{"Crackers":10.077822185373186,"DriedFruit":11.792476415070755,"Noodles":2.5,"Rice":5,"Beans":7.5}},"Noodles":{"connectorType":null,"name":"Noodles","aisle":6,"side":"r","x":120,"y":33.75,"neighbors":{"Crackers":10.077822185373186,"DriedFruit":10.680004681646913,"Soup":2.5,"Rice":2.5,"Beans":5}},"Rice":{"connectorType":null,"name":"Rice","aisle":6,"side":"r","x":120,"y":36.25,"neighbors":{"Crackers":10.680004681646913,"DriedFruit":10.077822185373186,"Soup":5,"Noodles":2.5,"Beans":2.5}},"Beans":{"connectorType":null,"name":"Beans","aisle":7,"side":"l","x":130,"y":31.666666666666668,"neighbors":{"Beans":12.254534308210618,"Oil":30.18461712712472,"Olives":3.333333333333332,"Sauce":6.666666666666661,"CannedFish":10.03466214899358,"Condiments":11.577036657874837,"start":133.801262242842}},"Olives":{"connectorType":null,"name":"Olives","aisle":7,"side":"l","x":130,"y":35,"neighbors":{"Beans":3.333333333333332,"Sauce":3.3333333333333286,"CannedFish":10.307764064044152,"Condiments":10.307764064044152}},"Sauce":{"connectorType":null,"name":"Sauce","aisle":7,"side":"l","x":130,"y":38.33333333333333,"neighbors":{"Beans":6.666666666666661,"Olives":3.3333333333333286,"CannedFish":11.577036657874835,"Condiments":10.03466214899358}},"CannedFish":{"connectorType":null,"name":"CannedFish","aisle":7,"side":"r","x":140,"y":32.5,"neighbors":{"Beans":10.03466214899358,"Olives":10.307764064044152,"Sauce":11.577036657874835,"Condiments":5}},"Condiments":{"connectorType":null,"name":"Condiments","aisle":7,"side":"r","x":140,"y":37.5,"neighbors":{"Beans":11.577036657874837,"Oil":20.155644370746373,"Olives":10.307764064044152,"Sauce":10.03466214899358,"CannedFish":5,"exit":140.55692796870596}},"Flour":{"connectorType":null,"name":"Flour","aisle":8,"side":"l","x":150,"y":31.666666666666668,"neighbors":{"Condiments":11.577036657874837,"Cereal":30.18461712712472,"Sugar":3.333333333333332,"Spices":6.666666666666661,"Oil":10.540925533894598,"start":153.30615701196666}},"Sugar":{"connectorType":null,"name":"Sugar","aisle":8,"side":"l","x":150,"y":35,"neighbors":{"Flour":3.333333333333332,"Spices":3.3333333333333286,"Oil":10}},"Spices":{"connectorType":null,"name":"Spices","aisle":8,"side":"l","x":150,"y":38.33333333333333,"neighbors":{"Flour":6.666666666666661,"Sugar":3.3333333333333286,"Oil":10.540925533894596}},"Oil":{"connectorType":null,"name":"Oil","aisle":8,"side":"r","x":160,"y":35,"neighbors":{"Condiments":20.155644370746373,"Cereal":20,"Flour":10.540925533894598,"Sugar":10,"Spices":10.540925533894596,"exit":160.70158679988197}},"Bread":{"connectorType":null,"name":"Bread","aisle":9,"side":"l","x":170,"y":35,"neighbors":{"Oil":10,"Juices":30.103986446980738,"Cereal":10,"start":173.5655495770978}},"Cereal":{"connectorType":null,"name":"Cereal","aisle":9,"side":"r","x":180,"y":35,"neighbors":{"Oil":20,"Juices":20.155644370746373,"Bread":10,"exit":180.62391868188442}},"Oats":{"connectorType":null,"name":"Oats","aisle":10,"side":"l","x":190,"y":31,"neighbors":{"Cereal":10.770329614269007,"Coffee":30.265491900843113,"Syrup":2,"Jam":4,"PeanutButter":6,"Honey":8,"Drinks":10.111874208078342,"Juices":11.926860441876563,"start":192.5123372669918}},"Syrup":{"connectorType":null,"name":"Syrup","aisle":10,"side":"l","x":190,"y":33,"neighbors":{"Oats":2,"Jam":2,"PeanutButter":4,"Honey":6,"Drinks":10.012492197250394,"Juices":10.965856099730654}},"Jam":{"connectorType":null,"name":"Jam","aisle":10,"side":"l","x":190,"y":35,"neighbors":{"Oats":4,"Syrup":2,"PeanutButter":2,"Honey":4,"Drinks":10.307764064044152,"Juices":10.307764064044152}},"PeanutButter":{"connectorType":null,"name":"PeanutButter","aisle":10,"side":"l","x":190,"y":37,"neighbors":{"Oats":6,"Syrup":4,"Jam":2,"Honey":2,"Drinks":10.965856099730654,"Juices":10.012492197250394}},"Honey":{"connectorType":null,"name":"Honey","aisle":10,"side":"l","x":190,"y":39,"neighbors":{"Oats":8,"Syrup":6,"Jam":4,"PeanutButter":2,"Drinks":11.926860441876563,"Juices":10.111874208078342}},"Drinks":{"connectorType":null,"name":"Drinks","aisle":10,"side":"r","x":200,"y":32.5,"neighbors":{"Oats":10.111874208078342,"Syrup":10.012492197250394,"Jam":10.307764064044152,