{"topAisle1":{"connectorType":"top","name":"topAisle1","aisle":1,"side":null,"x":90,"y":25,"image":null,"neighbors":{"topAisle2":140,"Supplements":107.35455276791944,"Vitamins":107.35455276791944,"bottomAisle1":190,"start":93.40770846134703}},"Supplements":{"connectorType":null,"name":"Supplements","aisle":1,"side":"l","x":40,"y":120,"image":null,"neighbors":{"topAisle1":107.35455276791944,"Vitamins":100,"bottomAisle1":107.35455276791944}},"Vitamins":{"connectorType":null,"name":"Vitamins","aisle":1,"side":"r","x":140,"y":120,"image":null,"neighbors":{"topAisle1":107.35455276791944,"Supplements":100,"bottomAisle1":107.35455276791944}},"bottomAisle1":{"connectorType":"bottom","name":"bottomAisle1","aisle":1,"side":null,"x":90,"y":215,"image":null,"neighbors":{"bottomAisle2":140,"topAisle1":190,"Supplements":107.35455276791944,"Vitamins":107.35455276791944,"exit":96.56603957913983}},"topAisle2":{"connectorType":"top","name":"topAisle2","aisle":2,"side":null,"x":230,"y":25,"image":null,"neighbors":{"topAisle1":140,"topAisle3":140,"ChildSupplements":107.35455276791944,"BabyProducts":107.35455276791944,"bottomAisle2":190,"start":231.3547060251855}},"ChildSupplements":{"connectorType":null,"name":"ChildSupplements","aisle":2,"side":"l","x":180,"y":120,"image":null,"neighbors":{"topAisle2":107.35455276791944,"BabyProducts":100,"bottomAisle2":107.35455276791944}},"BabyProducts":{"connectorType":null,"name":"BabyProducts","aisle":2,"side":"r","x":280,"y":120,"image":null,"neighbors":{"topAisle2":107.35455276791944,"ChildSupplements":100,"bottomAisle2":107.35455276791944}},"bottomAisle2":{"connectorType":"bottom","name":"bottomAisle2","aisle":2,"side":null,"x":230,"y":215,"image":null,"neighbors":{"bottomAisle1":140,"bottomAisle3":140,"topAisle2":190,"ChildSupplements":107.35455276791944,"BabyProducts":107.35455276791944,"exit":232.64780248263682}},"topAisle3":{"connectorType":"top","name":"topAisle3","aisle":3,"side":null,"x":370,"y":25,"image":null,"neighbors":{"topAisle2":140,"topAisle4":140,"ProteinPowder":107.35455276791944,"FruitBars":61.032778078668514,"NutBars":107.35455276791944,"SnackBars":162.8649747490233,"bottomAisle3":190,"start":370.84363281577316}},"ProteinPowder":{"connectorType":null,"name":"ProteinPowder","aisle":3,"side":"l","x":320,"y":120,"image":null,"neighbors":{"topAisle3":107.35455276791944,"FruitBars":116.61903789690601,"NutBars":100,"SnackBars":116.61903789690601,"bottomAisle3":107.35455276791944}},"FruitBars":{"connectorType":null,"name":"FruitBars","aisle":3,"side":"r","x":420,"y":60,"image":null,"neighbors":{"topAisle3":61.032778078668514,"ProteinPowder":116.61903789690601,"NutBars":60,"SnackBars":120,"bottomAisle3":162.8649747490233}},"NutBars":{"connectorType":null,"name":"NutBars","aisle":3,"side":"r","x":420,"y":120,"image":null,"neighbors":{"topAisle3":107.35455276791944,"ProteinPowder":100,"FruitBars":60,"SnackBars":60,"bottomAisle3":107.35455276791944}},"SnackBars":{"connectorType":null,"name":"SnackBars","aisle":3,"side":"r","x":420,"y":180,"image":null,"neighbors":{"topAisle3":162.8649747490233,"ProteinPowder":116.61903789690601,"FruitBars":120,"NutBars":60,"bottomAisle3":61.032778078668514}},"bottomAisle3":{"connectorType":"bottom","name":"bottomAisle3","aisle":3,"side":null,"x":370,"y":215,"image":null,"neighbors":{"bottomAisle2":140,"bottomAisle4":140,"topAisle3":190,"ProteinPowder":107.35455276791944,"FruitBars":162.8649747490233,"NutBars":107.35455276791944,"SnackBars":61.032778078668514,"exit":371.6517186829626}},"topAisle4":{"connectorType":"top","name":"topAisle4","aisle":4,"side":null,"x":510,"y":25,"image":null,"neighbors":{"topAisle3":140,"topAisle5":140,"Cookies":70.71067811865476,"Candy":148.66068747318505,"Jerky":70.71067811865476,"Snacks":148.66068747318505,"bottomAisle4":190,"start":510.6123774449656}},"Cookies":{"connectorType":null,"name":"Cookies","aisle":4,"side":"l","x":460,"y":75,"image":null,"neighbors":{"topAisle4":70.71067811865476,"Candy":90,"Jerky":100,"Snacks":134.5362404707371,"bottomAisle4":148.66068747318505}},"Candy":{"connectorType":null,"name":"Candy","aisle":4,"side":"l","x":460,"y":165,"image":null,"neighbors":{"topAisle4":148.66068747318505,"Cookies":90,"Jerky":134.5362404707371,"Snacks":100,"bottomAisle4":70.71067811865476}},"Jerky":{"connectorType":null,"name":"Jerky","aisle":4,"side":"r","x":560,"y":75,"image":null,"neighbors":{"topAisle4":70.71067811865476,"Cookies":100,"Candy":134.5362404707371,"Snacks":90,"bottomAisle4":148.66068747318505}},"Snacks":{"connectorType":null,"name":"Snacks","aisle":4,"side":"r","x":560,"y":165,"image":null,"neighbors":{"topAisle4":148.66068747318505,"Cookies":134.5362404707371,"Candy":100,"Jerky":90,"bottomAisle4":70.71067811865476}},"bottomAisle4":{"connectorType":"bottom","name":"bottomAisle4","aisle":4,"side":null,"x":510,"y":215,"image":null,"neighbors":{"bottomAisle3":140,"bottomAisle5":140,"topAisle4":190,"Cookies":148.66068747318505,"Candy":70.71067811865476,"Jerky":148.66068747318505,"Snacks":70.71067811865476,"exit":511.1995696398814}},"topAisle5":{"connectorType":"top","name":"topAisle5","aisle":5,"side":null,"x":650,"y":25,"image":null,"neighbors":{"topAisle4":140,"topAisle6":140,"Popcorn":70.71067811865476,"Chips":148.66068747318505,"Nuts":107.35455276791944,"bottomAisle5":190,"start":650.4805915628843}},"Popcorn":{"connectorType":null,"name":"Popcorn","aisle":5,"side":"l","x":600,"y":75,"image":null,"neighbors":{"topAisle5":70.71067811865476,"Chips":90,"Nuts":109.65856099730654,"bottomAisle5":148.66068747318505}},"Chips":{"connectorType":null,"name":"Chips","aisle":5,"side":"l","x":600,"y":165,"image":null,"neighbors":{"topAisle5":148.66068747318505,"Popcorn":90,"Nuts":109.65856099730654,"bottomAisle5":70.71067811865476}},"Nuts":{"connectorType":null,"name":"Nuts","aisle":5,"side":"r","x":700,"y":120,"image":null,"neighbors":{"topAisle5":107.35455276791944,"Popcorn":109.65856099730654,"Chips":109.65856099730654,"bottomAisle5":107.35455276791944}},"bottomAisle5":{"connectorType":"bottom","name":"bottomAisle5","aisle":5,"side":null,"x":650,"y":215,"image":null,"neighbors":{"bottomAisle4":140,"bottomAisle6":140,"topAisle5":190,"Popcorn":148.66068747318505,"Chips":70.71067811865476,"Nuts":107.35455276791944,"exit":650.9416256470314}},"topAisle6":{"connectorType":"top","name":"topAisle6","aisle":6,"side":null,"x":790,"y":25,"image":null,"neighbors":{"topAisle5":140,"topAisle7":140,"Crackers":70.71067811865476,"DriedFruit":148.66068747318505,"Soup":61.032778078668514,"Noodles":107.35455276791944,"Rice":162.8649747490233,"bottomAisle6":190,"start":790.3954706347956}},"Crackers":{"connectorType":null,"name":"Crackers","aisle":6,"side":"l","x":740,"y":75,"image":null,"neighbors":{"topAisle6":70.71067811865476,"DriedFruit":90,"Soup":101.11874208078342,"Noodles":109.65856099730654,"Rice":145,"bottomAisle6":148.66068747318505}},"DriedFruit":{"connectorType":null,"name":"DriedFruit","aisle":6,"side":"l","x":740,"y":165,"image":null,"neighbors":{"topAisle6":148.66068747318505,"Crackers":90,"Soup":145,"Noodles":109.65856099730654,"Rice":101.11874208078342,"bottomAisle6":70.71067811865476}},"Soup":{"connectorType":null,"name":"Soup","aisle":6,"side":"r","x":840,"y":60,"image":null,"neighbors":{"topAisle6":61.032778078668514,"Crackers":101.11874208078342,"DriedFruit":145,"Noodles":60,"Rice":120,"bottomAisle6":162.8649747490233}},"Noodles":{"connectorType":null,"name":"Noodles","aisle":6,"side":"r","x":840,"y":120,"image":null,"neighbors":{"topAisle6":107.35455276791944,"Crackers":109.65856099730654,"DriedFruit":109.65856099730654,"Soup":60,"Rice":60,"bottomAisle6":107.35455276791944}},"Rice":{"connectorType":null,"name":"Rice","aisle":6,"side":"r","x":840,"y":180,"image":null,"neighbors":{"topAisle6":162.8649747490233,"Crackers":145,"DriedFruit":101.11874208078342,"Soup":120,"Noodles":60,"bottomAisle6":61.032778078668514}},"bottomAisle6":{"connectorType":"bottom","name":"bottomAisle6","aisle":6,"side":null,"x":790,"y":215,"image":null,