{"topAisle1":{"connectorType":"top","name":"topAisle1","aisle":1,"side":null,"x":15,"y":25,"neighbors":{"topAisle2":20,"supplements":11.180339887498949,"Vitamins":11.180339887498949,"bottomAisle1":20,"start":29.154759474226502}},"supplements":{"connectorType":null,"name":"supplements","aisle":1,"side":"l","x":10,"y":35,"neighbors":{"topAisle1":11.180339887498949,"Vitamins":10,"bottomAisle1":11.180339887498949}},"Vitamins":{"connectorType":null,"name":"Vitamins","aisle":1,"side":"r","x":20,"y":35,"neighbors":{"topAisle1":11.180339887498949,"supplements":10,"bottomAisle1":11.180339887498949}},"bottomAisle1":{"connectorType":"bottom","name":"bottomAisle1","aisle":1,"side":null,"x":15,"y":45,"neighbors":{"bottomAisle2":20,"topAisle1":20,"supplements":11.180339887498949,"Vitamins":11.180339887498949,"exit":15.811388300841896}},"topAisle2":{"connectorType":"top","name":"topAisle2","aisle":2,"side":null,"x":35,"y":25,"neighbors":{"topAisle1":20,"topAisle3":20,"ChildSupplements":11.180339887498949,"BabyProducts":11.180339887498949,"bottomAisle2":20,"start":43.01162633521314}},"ChildSupplements":{"connectorType":null,"name":"ChildSupplements","aisle":2,"side":"l","x":30,"y":35,"neighbors":{"topAisle2":11.180339887498949,"BabyProducts":10,"bottomAisle2":11.180339887498949}},"BabyProducts":{"connectorType":null,"name":"BabyProducts","aisle":2,"side":"r","x":40,"y":35,"neighbors":{"topAisle2":11.180339887498949,"ChildSupplements":10,"bottomAisle2":11.180339887498949}},"bottomAisle2":{"connectorType":"bottom","name":"bottomAisle2","aisle":2,"side":null,"x":35,"y":45,"neighbors":{"bottomAisle1":20,"bottomAisle3":20,"topAisle2":20,"ChildSupplements":11.180339887498949,"BabyProducts":11.180339887498949,"exit":35.35533905932738}},"topAisle3":{"connectorType":"top","name":"topAisle3","aisle":3,"side":null,"x":55,"y":25,"neighbors":{"topAisle2":20,"topAisle4":20,"ProteinPowder":11.180339887498949,"FruitBars":8.333333333333334,"NutBars":11.180339887498949,"SnackBars":14.24000624219588,"bottomAisle3":20,"start":60.41522986797286}},"ProteinPowder":{"connectorType":null,"name":"ProteinPowder","aisle":3,"side":"l","x":50,"y":35,"neighbors":{"topAisle3":11.180339887498949,"FruitBars":10.540925533894598,"NutBars":10,"SnackBars":10.540925533894596,"bottomAisle3":11.180339887498949}},"FruitBars":{"connectorType":null,"name":"FruitBars","aisle":3,"side":"r","x":60,"y":31.666666666666668,"neighbors":{"topAisle3":8.333333333333334,"ProteinPowder":10.540925533894598,"NutBars":3.333333333333332,"SnackBars":6.666666666666661,"bottomAisle3":14.240006242195884}},"NutBars":{"connectorType":null,"name":"NutBars","aisle":3,"side":"r","x":60,"y":35,"neighbors":{"topAisle3":11.180339887498949,"ProteinPowder":10,"FruitBars":3.333333333333332,"SnackBars":3.3333333333333286,"bottomAisle3":11.180339887498949}},"SnackBars":{"connectorType":null,"name":"SnackBars","aisle":3,"side":"r","x":60,"y":38.33333333333333,"neighbors":{"topAisle3":14.24000624219588,"ProteinPowder":10.540925533894596,"FruitBars":6.666666666666661,"NutBars":3.3333333333333286,"bottomAisle3":8.333333333333337}},"bottomAisle3":{"connectorType":"bottom","name":"bottomAisle3","aisle":3,"side":null,"x":55,"y":45,"neighbors":{"bottomAisle2":20,"bottomAisle4":20,"topAisle3":20,"ProteinPowder":11.180339887498949,"FruitBars":14.240006242195884,"NutBars":11.180339887498949,"SnackBars":8.333333333333337,"exit":55.226805085936306}},"topAisle4":{"connectorType":"top","name":"topAisle4","aisle":4,"side":null,"x":75,"y":25,"neighbors":{"topAisle3":20,"topAisle5":20,"Cookies":9.013878188659973,"Candy":13.46291201783626,"Jerky":8.333333333333334,"Crackers":11.180339887498949,"Snacks":14.24000624219588,"bottomAisle4":20,"start":79.05694150420949}},"Cookies":{"connectorType":null,"name":"Cookies","aisle":4,"side":"l","x":70,"y":32.5,"neighbors":{"topAisle4":9.013878188659973,"Candy":5,"Jerky":10.03466214899358,"Crackers":10.307764064044152,"Snacks":11.577036657874835,"bottomAisle4":13.46291201783626}},"Candy":{"connectorType":null,"name":"Candy","aisle":4,"side":"l","x":70,"y":37.5,"neighbors":{"topAisle4":13.46291201783626,"Cookies":5,"Jerky":11.577036657874837,"Crackers":10.307764064044152,"Snacks":10.03466214899358,"bottomAisle4":9.013878188659973}},"Jerky":{"connectorType":null,"name":"Jerky","aisle":4,"side":"r","x":80,"y":31.666666666666668,"neighbors":{"topAisle4":8.333333333333334,"Cookies":10.03466214899358,"Candy":11.577036657874837,"Crackers":3.333333333333332,"Snacks":6.666666666666661,"bottomAisle4":14.240006242195884}},"Crackers":{"connectorType":null,"name":"Crackers","aisle":6,"side":"l","x":110,"y":32.5,"neighbors":{"topAisle6":9.013878188659973,"DriedFruit":5,"Soup":10.077822185373186,"Noodles":10.077822185373186,"Rice":10.680004681646913,"Beans":11.792476415070755,"bottomAisle6":13.46291201783626}},"Snacks":{"connectorType":null,"name":"Snacks","aisle":4,"side":"r","x":80,"y":38.33333333333333,"neighbors":{"topAisle4":14.24000624219588,"Cookies":11.577036657874835,"Candy":10.03466214899358,"Jerky":6.666666666666661,"Crackers":3.3333333333333286,"bottomAisle4":8.333333333333337}},"bottomAisle4":{"connectorType":"bottom","name":"bottomAisle4","aisle":4,"side":null,"x":75,"y":45,"neighbors":{"bottomAisle3":20,"bottomAisle5":20,"topAisle4":20,"Cookies":13.46291201783626,"Candy":9.013878188659973,"Jerky":14.240006242195884,"Crackers":11.180339887498949,"Snacks":8.333333333333337,"exit":75.16648189186454}},"topAisle5":{"connectorType":"top","name":"topAisle5","aisle":5,"side":null,"x":95,"y":25,"neighbors":{"topAisle4":20,"topAisle6":20,"Popcorn":9.013878188659973,"Chips":13.46291201783626,"Nuts":11.180339887498949,"bottomAisle5":20,"start":98.2344135219425}},"Popcorn":{"connectorType":null,"name":"Popcorn","aisle":5,"side":"l","x":90,"y":32.5,"neighbors":{"topAisle5":9.013878188659973,"Chips":5,"Nuts":10.307764064044152,"bottomAisle5":13.46291201783626}},"Chips":{"connectorType":null,"name":"Chips","aisle":5,"side":"l","x":90,"y":37.5,"neighbors":{"topAisle5":13.46291201783626,"Popcorn":5,"Nuts":10.307764064044152,"bottomAisle5":9.013878188659973}},"Nuts":{"connectorType":null,"name":"Nuts","aisle":5,"side":"r","x":100,"y":35,"neighbors":{"topAisle5":11.180339887498949,"Popcorn":10.307764064044152,"Chips":10.307764064044152,"bottomAisle5":11.180339887498949}},"bottomAisle5":{"connectorType":"bottom","name":"bottomAisle5","aisle":5,"side":null,"x":95,"y":45,"neighbors":{"bottomAisle4":20,"bottomAisle6":20,"topAisle5":20,"Popcorn":13.46291201783626,"Chips":9.013878188659973,"Nuts":11.180339887498949,"exit":95.13148795220224}},"topAisle6":{"connectorType":"top","name":"topAisle6","aisle":6,"side":null,"x":115,"y":25,"neighbors":{"topAisle5":20,"topAisle7":20,"Crackers":9.013878188659973,"DriedFruit":13.46291201783626,"Soup":8.00390529679106,"Noodles":10.077822185373186,"Rice":12.31107225224513,"Beans":14.630874888399532,"bottomAisle6":20,"start":117.6860229593982}},"DriedFruit":{"connectorType":null,"name":"DriedFruit","aisle":6,"side":"l","x":110,"y":37.5,"neighbors":{"topAisle6":13.46291201783626,"Crackers":5,"Soup":11.792476415070755,"Noodles":10.680004681646913,"Rice":10.077822185373186,"Beans":10.077822185373186,"bottomAisle6":9.013878188659973}},"Soup":{"connectorType":null,"name":"Soup","aisle":6,"side":"r","x":120,"y":31.25,"neighbors":{"topAisle6":8.00390529679106,"Crackers":10.077822185373186,"DriedFruit":11.792476415070755,"Noodles":2.5,"Rice":5,"Beans":7.5,"bottomAisle6":14.630874888399532}},"Noodles":{"connectorType":null,"name":"Noodles","aisle":6,"side":"r","x":120,"y":33.75,"neighbors":{"topAisle6":10.077822185373186,"Crackers":10.077822185373186,"DriedFruit":10.680004681646913,"Soup":2.5,"Rice":2.5,"Beans":5,"bottomAisle6":12.31107225224513}},"Rice":{"connectorType":null,"name":"Rice","aisle":6,"side":"r","x":120,"y":36.25,"neighbors":{"topAisle6":12.31107225224513,"Crackers":10.680004681646913,"DriedFruit":10.077822185373186,"Soup":5,"Noodles":2.5,"Beans":2.5,"bottomAisle6":10.077822185373186}},